,City,Lat,Lng,Max Temp,Humidity,Cloudiness,Wind Speed,Country,Date
0,Khuldābād,20.05,75.1833,53.6,62,15,4.47,IN,1612748001
1,Albany,42.6001,-73.9662,26.01,54,82,5.01,US,1612747614
2,Soe,-9.8607,124.284,75.94,85,100,7.49,ID,1612748003
3,Atasū,48.6814,71.6433,34.61,97,100,31.63,KZ,1612748004
4,Lebu,-37.6167,-73.65,58.01,95,90,0.65,CL,1612748005
5,Bredasdorp,-34.5322,20.0403,57.2,82,15,5.75,ZA,1612748006
6,Hobart,-42.8794,147.3294,64.4,48,75,8.05,AU,1612747943
7,Asău,46.4333,26.4,30.0,73,75,1.59,RO,1612748008
8,Ahipara,-35.1667,173.1667,72.54,59,51,9.44,NZ,1612747794
9,Khatanga,71.9667,102.5,-27.2,80,13,12.59,RU,1612748011
10,Mataura,-46.1927,168.8643,76.78,33,98,3.13,NZ,1612748012
11,Bluff,-46.6,168.3333,60.37,81,100,7.07,NZ,1612748013
12,Dhārchula,29.85,80.5333,51.96,31,0,7.52,IN,1612748014
13,Arlit,18.7369,7.3853,66.15,20,100,3.98,NE,1612748015
14,Westport,41.1415,-73.3579,28.99,86,1,6.91,US,1612747898
15,Hong Kong,22.2855,114.1577,70.0,82,14,3.0,HK,1612747933
16,Punta Arenas,-53.15,-70.9167,62.6,42,75,8.05,CL,1612747948
17,Saskylakh,71.9167,114.0833,-36.51,80,43,11.77,RU,1612748020
18,Jasper,37.2001,-94.3502,28.99,93,90,4.61,US,1612748021
19,Bethel,41.3712,-73.414,28.99,86,90,4.61,US,1612747974
20,Dawei,14.0833,98.2,81.73,48,4,1.86,MM,1612748023
21,Thompson,55.7435,-97.8558,-27.4,68,75,14.97,CA,1612748025
22,Bengkulu,-3.8004,102.2655,82.85,62,99,2.26,ID,1612747916
23,Buin,-33.7333,-70.75,66.99,63,0,8.05,CL,1612748027
24,Busselton,-33.65,115.3333,66.99,98,67,4.0,AU,1612748028
25,Birao,10.2849,22.7882,58.51,32,90,6.13,CF,1612748029
26,Rikitea,-23.1203,-134.9692,77.49,71,59,13.18,PF,1612748030
27,Tiksi,71.6872,128.8694,-29.22,86,46,5.46,RU,1612748032
28,Hilo,19.7297,-155.09,78.8,57,75,10.36,US,1612747813
29,Padang,-0.9492,100.3543,78.8,83,20,1.14,ID,1612748034
30,Chinhoyi,-17.3667,30.2,62.8,95,83,3.96,ZW,1612748035
31,Tholos,40.9999,23.7823,54.0,92,100,1.99,GR,1612748036
32,Jamestown,42.097,-79.2353,12.99,72,90,10.36,US,1612747772
33,Avera,33.194,-82.5271,39.2,80,1,5.37,US,1612748038
34,Ilulissat,69.2167,-51.1,19.4,45,0,21.85,GL,1612748040
35,Shitkino,56.3703,98.3543,23.74,95,24,4.88,RU,1612748041
36,Cherskiy,68.75,161.3,6.78,75,0,4.83,RU,1612748042
37,Upernavik,72.7868,-56.1549,18.01,79,50,4.72,GL,1612748043
38,Sitka,57.0531,-135.33,35.6,32,75,6.91,US,1612748044
39,Polewali,-3.4324,119.3435,84.22,71,98,1.34,ID,1612748046
40,Machinga,-15.1685,35.3,68.49,98,100,2.73,MW,1612748047
41,Geraldton,-28.7667,114.6,73.4,68,75,14.97,AU,1612747928
42,Port Elizabeth,-33.918,25.5701,64.4,82,0,10.36,ZA,1612748049
43,Castro,-24.7911,-50.0119,56.39,69,0,6.96,BR,1612748050
44,Itarema,-2.9248,-39.9167,79.79,81,46,12.15,BR,1612748051
45,Cape Town,-33.9258,18.4232,66.0,72,0,12.66,ZA,1612748052
46,Avarua,-21.2078,-159.775,84.2,79,40,10.36,CK,1612748054
47,Torbay,47.6666,-52.7314,30.0,69,20,32.21,CA,1612748055
48,Nísia Floresta,-6.0911,-35.2086,80.6,83,40,10.36,BR,1612747846
49,Arrondissement de Pithiviers,48.1667,2.25,34.0,86,90,9.22,FR,1612748057
50,Zabul Province,32.25,67.25,41.5,52,0,4.07,AF,1612748058
51,Atuona,-9.8,-139.0333,79.74,74,8,20.58,PF,1612748059
52,Ponta do Sol,32.6667,-17.1,57.99,73,60,5.99,PT,1612748060
53,Buala,-8.145,159.5921,86.14,71,99,9.69,SB,1612748062
54,Dikson,73.5069,80.5464,-32.17,85,90,17.13,RU,1612748063
55,East London,-33.0153,27.9116,70.68,83,90,9.33,ZA,1612748064
56,Khorramabad,33.4878,48.3558,40.82,80,10,2.59,IR,1612748065
57,Pangnirtung,66.1451,-65.7125,23.81,77,0,6.31,CA,1612747915
58,Omboué,-1.5746,9.2618,78.55,86,100,3.71,GA,1612748067
59,Kieta,-6.2167,155.6333,85.44,74,27,8.5,PG,1612748068
60,Ushuaia,-54.8,-68.3,51.8,82,75,9.22,AR,1612747879
61,New Norfolk,-42.7826,147.0587,63.0,58,100,3.0,AU,1612748071
62,Yellowknife,62.456,-114.3525,-33.0,67,40,8.05,CA,1612747809
63,Zyryanka,65.75,150.85,-17.75,86,100,20.0,RU,1612748073
64,Fukuechō,32.6881,128.8419,48.2,57,20,19.57,JP,1612747891
65,Kastamonu Province,41.5,33.6667,43.07,63,100,1.59,TR,1612748075
66,Santa Fe,-31.6333,-60.7,75.99,73,0,5.28,AR,1612748077
67,Tuktoyaktuk,69.4541,-133.0374,-27.4,68,40,9.22,CA,1612748078
68,Pacific Grove,36.6177,-121.9166,55.99,82,1,3.44,US,1612747932
69,Itoman,26.1247,127.6694,68.0,56,20,11.5,JP,1612748080
70,Klaksvík,62.2266,-6.589,35.6,64,75,14.97,FO,1612748081
71,Clocolan,-28.9137,27.5656,59.41,89,3,4.12,ZA,1612748049
72,Gezing,47.9178,13.1299,39.2,75,75,10.36,AT,1612748084
73,Manyana,-23.4,21.7167,64.38,89,0,5.66,BW,1612748085
74,Krasnotorka,48.682,37.5327,18.16,75,100,6.89,UA,1612748086
75,Stokmarknes,68.5646,14.9108,30.99,67,54,1.01,NO,1612748087
76,Naze,28.3667,129.4833,66.2,59,20,10.36,JP,1612748088
77,Jasidih,24.5167,86.65,58.78,52,0,5.84,IN,1612748090
78,Kloulklubed,7.0419,134.2556,84.2,79,75,11.5,PW,1612748091
79,Jijiang,29.2906,106.2542,50.0,93,100,4.47,CN,1612748093
80,Puerto Ayora,-0.7393,-90.3518,77.0,96,65,1.99,EC,1612748094
81,Ascension,30.2169,-90.9001,52.0,71,1,3.44,US,1612748095
82,Arraial do Cabo,-22.9661,-42.0278,74.84,81,100,3.58,BR,1612747873
83,Lüderitz,-26.6481,15.1594,68.27,49,0,26.66,NA,1612748097
84,Pevek,69.7008,170.3133,-6.75,83,0,2.42,RU,1612748098
85,Vaini,-21.2,-175.2,77.0,100,90,12.66,TO,1612748099
86,Marsá Maţrūḩ,31.3525,27.2453,55.4,82,0,9.22,EG,1612748101
87,La Ronge,55.1001,-105.2842,-31.0,61,0,4.61,CA,1612748102
88,Tulsa,36.1001,-95.9003,30.99,86,90,6.91,US,1612747623
89,Kapaa,22.0752,-159.319,75.2,50,1,6.91,US,1612748104
90,Grand Gaube,-20.0064,57.6608,79.0,81,1,3.0,MU,1612748106
91,Kruisfontein,-34.0033,24.7314,62.01,89,100,1.99,ZA,1612748107
92,Camaçari,-12.6975,-38.3242,82.4,78,40,16.11,BR,1612748108
93,Ust-Maya,60.4167,134.5333,-24.57,84,100,3.67,RU,1612748109
94,Saint Paul Harbor,57.79,-152.4072,35.6,55,1,3.44,US,1612748110
95,Sakakah,29.9697,40.2064,48.2,81,0,1.48,SA,1612748112
96,Nikolskoye,59.7035,30.7861,15.8,86,90,8.95,RU,1612748113
97,Calbuco,-41.768,-73.1273,62.6,67,0,11.5,CL,1612747990
98,Tommot,58.9564,126.2925,-13.94,82,0,1.12,RU,1612748115
99,Barrow,71.2906,-156.7887,-27.4,68,1,9.22,US,1612748116
100,Yeniseysk,58.4497,92.1703,14.86,95,98,6.4,RU,1612748117
101,Sørland,67.667,12.6934,34.25,84,96,8.12,NO,1612748118
102,Belyy Yar,53.6039,91.3903,8.6,85,100,2.93,RU,1612748120
103,Port Alfred,-33.5906,26.891,64.0,95,95,1.99,ZA,1612748121
104,Horki,54.2861,30.9842,-4.18,93,3,2.8,BY,1612748122
105,Camaná,-16.6228,-72.7111,72.68,79,80,3.85,PE,1612748123
106,Longyearbyen,78.2186,15.6401,12.2,57,0,16.11,SJ,1612748124
107,Puerto del Rosario,28.5004,-13.8627,60.8,72,90,5.75,ES,1612748125
108,Rørvik,64.8621,11.2373,23.23,94,0,9.4,NO,1612748126
109,Ancud,-41.8697,-73.8203,64.0,75,0,2.35,CL,1612747903
110,Souillac,-20.5167,57.5167,78.8,83,40,5.75,MU,1612747855
111,Whitianga,-36.8333,175.7,69.98,54,5,7.27,NZ,1612748130
112,Port Hardy,50.6996,-127.4199,39.2,81,75,8.05,CA,1612748131
113,Vila Franca do Campo,37.7167,-25.4333,57.2,77,40,10.36,PT,1612747914
114,Yangambi,0.8102,24.4336,65.53,55,100,0.58,CD,1612748133
115,Esperance,-33.8667,121.9,78.8,53,0,20.71,AU,1612748094
116,Seymchan,62.8833,152.4333,-9.29,83,100,21.97,RU,1612748135
117,Butaritari,3.0707,172.7902,80.98,79,27,17.18,KI,1612748137
118,West Wendover,40.7391,-114.0733,51.8,11,1,17.27,US,1612748065
119,Lal'sk,60.7415,47.5862,-23.3,84,100,7.78,RU,1612748139
120,Campos Belos,-13.0367,-46.7717,66.72,98,100,1.95,BR,1612748140
121,High Level,58.5169,-117.136,-20.2,76,40,4.61,CA,1612748141
122,Tasiilaq,65.6145,-37.6368,21.2,53,0,4.61,GL,1612748143
123,Ürümqi,43.801,87.6005,12.2,92,99,4.47,CN,1612748044
124,Havøysund,70.9963,24.6622,23.0,86,75,17.27,NO,1612747925
125,Kundiawa,-6.0167,144.9667,76.19,61,89,1.81,PG,1612748146
126,Usinsk,65.9939,57.5281,-15.97,88,100,16.96,RU,1612748147
127,Varberg,57.1056,12.2508,19.0,87,52,8.99,SE,1612747917
128,Teknāf,20.8624,92.3058,66.78,53,0,11.95,BD,1612748150
129,Mersing,2.4312,103.8405,80.6,83,20,5.75,MY,1612748151
130,Ostër,50.9506,30.8823,10.0,100,100,10.11,UA,1612748152
131,Bentiu,9.2333,29.8333,63.3,27,5,6.02,SS,1612748153
132,Nabire,-3.3667,135.4833,87.06,61,75,4.99,ID,1612748154
133,Ekibastuz,51.6667,75.3667,21.9,98,100,19.1,KZ,1612748155
134,George Town,5.4112,100.3354,80.6,78,20,2.3,MY,1612748017
135,Port Moresby,-9.4431,147.1797,87.8,62,40,11.5,PG,1612748158
136,Dalbandin,28.8947,64.4101,51.67,38,60,2.84,PK,1612747915
137,San Patricio,28.017,-97.5169,62.6,67,75,12.66,US,1612748160
138,Puerto Madero,14.7208,-92.4215,80.6,74,20,2.3,MX,1612748162
139,Simpang,-1.2667,104.0833,83.25,73,99,6.71,ID,1612748163
140,Praia da Vitória,38.7333,-27.0667,57.0,82,20,11.36,PT,1612748164
141,Nanortalik,60.1432,-45.2371,31.69,87,91,18.81,GL,1612748166
142,Norman Wells,65.282,-126.8329,-31.0,75,20,5.75,CA,1612748167
143,Dalvik,65.9702,-18.5286,30.2,80,75,7.7,IS,1612748168
144,Fortuna,40.5982,-124.1573,50.0,93,1,8.05,US,1612748169
145,Muroto-misakicho,33.2833,134.15,57.2,44,20,8.05,JP,1612748125
146,Tombouctou,20.0,-3.0,58.53,33,0,11.36,ML,1612748171
147,La Asuncion,11.0333,-63.8628,76.03,87,51,14.5,VE,1612748172
148,Pathanāmthitta,9.2667,76.7833,69.24,61,34,2.91,IN,1612748173
149,Havelock,34.8791,-76.9013,42.8,81,1,9.22,US,1612748175
150,Markala,13.7021,-6.0659,72.3,21,81,11.83,ML,1612748176
151,Mar del Plata,-38.0023,-57.5575,62.01,82,90,13.8,AR,1612748177
152,Margate,51.3813,1.3862,32.0,76,100,5.01,GB,1612748178
153,Mayumba,-3.432,10.6554,78.03,86,100,3.94,GA,1612748179
154,Mossamedes,-15.1961,12.1522,71.8,80,73,4.43,AO,1612748180
155,Charters Towers,-20.1,146.2667,86.95,58,100,5.21,AU,1612748181
156,Seminole,28.7086,-81.2081,63.0,82,1,9.22,US,1612748075
157,Tabuk,17.4189,121.4443,78.94,76,48,2.77,PH,1612748184
158,Kumul,42.8,93.45,32.29,75,35,2.64,CN,1612747915
159,Rio Grande,-32.035,-52.0986,70.0,79,1,10.67,BR,1612748186
160,Mahébourg,-20.4081,57.7,78.8,83,40,5.75,MU,1612748187
161,Bukama,-9.2,25.85,70.11,95,100,2.19,CD,1612748188
162,Rzhev,56.2624,34.3282,-0.18,93,47,6.02,RU,1612748167
163,Lázaro Cárdenas,17.9583,-102.2,73.92,79,0,3.04,MX,1612748190
164,Morondava,-20.2833,44.2833,80.58,81,100,7.96,MG,1612748192
165,Novikovo,51.1537,37.8879,3.72,92,95,5.03,RU,1612748193
166,Minoh,34.8269,135.4706,46.4,70,40,12.66,JP,1612748194
167,Comodoro Rivadavia,-45.8667,-67.5,59.0,67,0,14.97,AR,1612748195
168,Zhangjiakou,40.81,114.8794,22.37,73,0,2.55,CN,1612748197
169,Mollendo,-17.0231,-72.0147,72.25,80,76,4.88,PE,1612748198
170,Sortavala,61.7053,30.6918,1.72,92,9,4.29,RU,1612748071
171,Lima,-12.0432,-77.0282,77.0,78,0,11.5,PE,1612748196
172,Faanui,-16.4833,-151.75,81.97,75,1,11.65,PF,1612748201
173,Calama,-22.4667,-68.9333,62.6,55,0,21.85,CL,1612748202
174,Hithadhoo,-0.6,73.0833,81.72,74,0,9.89,MV,1612748203
175,Lieksa,63.3167,30.0167,3.67,94,13,3.76,FI,1612748205
176,Novobiryusinskiy,56.9578,97.7076,24.24,97,50,5.1,RU,1612748206
177,Bangassou,4.7413,22.8184,60.01,33,100,2.71,CF,1612748207
178,Bowen,-20.0167,148.2333,87.8,70,75,6.91,AU,1612748208
179,Chicama,-7.8447,-79.1469,73.17,68,100,6.17,PE,1612748209
180,Venice,27.0998,-82.4543,64.99,77,90,8.05,US,1612748211
181,Kathu,7.9178,98.3332,78.8,83,20,6.91,TH,1612748212
182,Ribeira Grande,38.5167,-28.7,58.96,80,24,17.2,PT,1612748095
183,Jalu,29.0331,21.5482,67.21,25,100,17.25,LY,1612748214
184,Novobirilyussy,56.9514,90.6661,16.7,94,52,8.84,RU,1612748215
185,Alberton,46.8168,-64.0654,26.6,68,100,12.66,CA,1612748217
186,Harper,4.375,-7.7169,79.0,89,24,5.7,LR,1612748218
187,Kalabo,-14.97,22.6814,68.86,92,100,9.73,ZM,1612748219
188,Carnarvon,-24.8667,113.6333,80.6,100,40,13.8,AU,1612748220
189,Yumen,40.2833,97.2,29.91,75,100,8.99,CN,1612748222
190,Kirakira,-10.4544,161.9205,85.24,72,10,9.19,SB,1612748223
191,Golden,39.7555,-105.2211,45.0,54,20,26.46,US,1612747934
192,Qaqortoq,60.7167,-46.0333,37.4,30,100,43.73,GL,1612748225
193,Lorengau,-2.0226,147.2712,85.57,68,91,7.58,PG,1612748226
194,Province of Mantua,45.1667,10.7833,48.0,96,4,1.01,IT,1612748228
195,Middelburg,-25.7751,29.4648,58.51,89,40,3.29,ZA,1612748229
196,Sioux Lookout,50.1001,-91.917,-18.4,63,1,4.61,CA,1612748230
197,Chapais,49.7834,-74.8492,6.8,85,40,8.05,CA,1612748231
198,Killybegs,54.6333,-8.45,34.0,78,63,5.01,IE,1612748233
199,Saint George,37.1041,-113.5841,60.8,14,1,8.05,US,1612748164
200,Bogorodskoye,56.55,37.8833,-12.77,89,0,4.99,RU,1612748235
201,East Hampton,37.0374,-76.3316,39.2,100,1,5.75,US,1612748236
202,Pimentel,-6.8367,-79.9342,75.2,69,0,18.41,PE,1612748238
203,Madera,37.1666,-119.8343,62.01,59,1,6.91,US,1612748239
204,Tautira,-17.7333,-149.15,86.0,66,20,13.8,PF,1612748240
205,Brigg,53.552,-0.4921,34.0,93,75,23.02,GB,1612748241
206,Hermanus,-34.4187,19.2345,55.0,91,6,0.96,ZA,1612748118
207,Abhā,18.2164,42.5053,51.8,53,0,5.75,SA,1612748243
208,Qaanaaq,77.484,-69.3632,17.1,85,100,6.71,GL,1612748245
209,Luga,58.7372,29.8453,5.94,95,81,4.68,RU,1612748246
210,Baruun-Urt,46.6806,113.2792,1.11,90,11,12.24,MN,1612748247
211,San Nicolas,18.1725,120.5953,82.4,74,75,3.44,PH,1612748248
212,Cidreira,-30.1811,-50.2056,70.36,73,0,7.38,BR,1612748249
213,Galle,6.0367,80.217,76.77,87,42,5.03,LK,1612748053
214,Kyra,49.5776,111.9753,8.04,86,1,2.48,RU,1612748252
215,Mujiayingzi,42.1167,118.7833,12.25,87,0,7.65,CN,1612748253
216,Xushan,30.1764,121.2457,48.99,81,90,6.71,CN,1612748254
217,Salò,45.6086,10.531,46.4,100,90,3.44,IT,1612748255
218,Pahrump,36.2083,-115.9839,61.0,20,0,1.03,US,1612748195
219,Banda Aceh,5.5577,95.3222,81.52,76,2,9.8,ID,1612748257
220,King City,36.2127,-121.126,59.0,19,99,11.99,US,1612748001
221,Port Macquarie,-31.4333,152.9167,79.0,88,75,10.36,AU,1612748026
222,Boa Vista,2.8197,-60.6733,80.6,74,0,8.05,BR,1612748261
223,Bahía Honda,22.9036,-83.1592,74.19,84,11,5.46,CU,1612748262
224,Payao,10.1833,122.95,76.3,88,100,6.67,PH,1612748263
225,Indramayu,-6.3264,108.32,81.27,81,79,17.38,ID,1612748025
226,Puerto Ayacucho,5.6639,-67.6236,78.42,82,100,2.62,VE,1612748265
227,North Bend,43.4065,-124.2243,48.2,71,75,6.91,US,1612748266
228,Bulawayo,-20.15,28.5833,62.11,91,89,10.0,ZW,1612748268
229,Lucea,18.451,-78.1736,78.8,73,20,14.97,JM,1612748094
230,Vrangel',42.7297,133.0839,10.56,83,0,16.58,RU,1612748270
231,Farafangana,-22.8167,47.8333,77.43,90,53,8.3,MG,1612748271
232,Dumai,1.6833,101.45,82.83,70,100,3.06,ID,1612748116
233,Bubaque,11.2833,-15.8333,79.25,62,1,7.38,GW,1612748208
234,Passos,-20.7189,-46.6097,65.01,93,47,8.12,BR,1612748275
235,Guiyang,26.5833,106.7167,46.4,93,90,2.24,CN,1612748163
236,Valley City,46.9233,-98.0032,-13.0,77,75,8.05,US,1612748277
237,Rundu,-17.9333,19.7667,68.16,93,100,4.92,NA,1612748264
238,Half Moon Bay,37.4636,-122.4286,60.8,76,1,11.5,US,1612748249
239,Mount Gambier,-37.8333,140.7667,60.8,63,90,16.11,AU,1612748232
240,Yulara,-25.2406,130.9889,87.8,20,0,18.41,AU,1612748260
241,Namatanai,-3.6667,152.4333,84.69,73,33,5.97,PG,1612748043
242,High Rock,26.6208,-78.2833,71.6,94,90,3.44,BS,1612748284
243,Burnie,-41.0667,145.9167,66.0,85,10,5.01,AU,1612748285
244,Itupiranga,-5.1347,-49.3267,75.04,90,99,3.67,BR,1612748286
245,Bathsheba,13.2167,-59.5167,77.0,69,20,17.27,BB,1612748094
246,Tonneins,44.3921,0.3124,43.0,100,90,3.51,FR,1612748288
247,Muriwai Beach,-36.8167,174.45,73.99,64,62,8.99,NZ,1612748289
248,Vanavara,60.34,102.2797,26.4,97,100,11.25,RU,1612748290
249,São Filipe,14.8961,-24.4956,68.77,75,100,13.67,CV,1612748035
250,Kroonstad,-27.6504,27.2349,61.0,93,0,1.01,ZA,1612748293
251,Vila do Maio,15.1333,-23.2167,68.0,68,75,19.57,CV,1612748294
252,Kampong Cham,11.9934,105.4635,80.35,68,44,4.79,KH,1612748143
253,Henties Bay,-22.116,14.2845,64.0,91,97,1.99,NA,1612748296
254,Codrington,-38.2667,141.9667,61.03,67,100,14.67,AU,1612748297
255,Härnösand,62.6323,17.9379,17.6,86,90,5.75,SE,1612748299
256,Havre-St-Pierre,50.2334,-63.5986,12.2,85,75,2.3,CA,1612748300
257,Wau,7.7029,27.9953,60.22,31,48,5.08,SS,1612748301
258,Merauke,-8.4667,140.3333,85.01,73,86,8.93,ID,1612748302
259,Ciudad Guayana,8.3533,-62.6528,80.01,79,94,4.0,VE,1612748113
260,Ushtobe,45.2514,77.9838,33.8,87,100,3.09,KZ,1612748230
261,Saint-Pierre,-21.3393,55.4781,80.6,61,90,6.91,RE,1612748305
262,Kaitangata,-46.2817,169.8464,66.0,83,100,5.01,NZ,1612748307
263,Kambove,-10.8764,26.5969,62.98,99,100,4.32,CD,1612748308
264,Puri,19.8,85.85,60.8,88,4,9.37,IN,1612748309
265,Bambanglipuro,-7.95,110.2833,83.57,72,93,4.36,ID,1612748310
266,Lillooet,50.6856,-121.942,30.99,100,90,9.22,CA,1612748311
267,Makushino,55.2103,67.2442,2.97,94,100,7.25,RU,1612748154
268,Concepción del Oro,24.6333,-101.4167,60.37,30,93,4.68,MX,1612748313
269,Okhotsk,59.3833,143.3,17.51,89,100,21.5,RU,1612748314
270,Hamilton,39.1834,-84.5333,19.4,42,90,5.75,US,1612748231
271,Tual,-5.6667,132.75,83.93,78,84,18.79,ID,1612748154
272,Bac Lieu,9.285,105.7244,81.36,67,0,17.18,VN,1612748089
273,Aksarka,66.5606,67.7975,-15.27,88,100,28.07,RU,1612748319
274,Plettenberg Bay,-34.0527,23.3716,62.22,81,71,7.23,ZA,1612748274
275,Isangel,-19.55,169.2667,84.2,74,40,6.91,VU,1612748321
276,Alyangula,-13.8483,136.4192,84.2,84,75,10.36,AU,1612748322
277,Umluj,25.0213,37.2685,68.61,39,0,22.82,SA,1612748323
278,São João da Barra,-21.6403,-41.0511,71.01,95,100,7.96,BR,1612748025
279,Görele,41.0308,39.0031,48.2,93,75,9.22,TR,1612748326
280,Akdepe,42.0551,59.3788,39.2,87,0,4.61,TM,1612748327
281,Provideniya,64.3833,-173.3,-0.42,84,100,18.97,RU,1612748328
282,Holme,56.1138,10.1725,27.0,80,75,18.41,DK,1612748329
283,Iquique,-20.2208,-70.1431,73.4,53,0,16.11,CL,1612748318
284,Calvinia,-31.4707,19.776,58.26,61,0,3.83,ZA,1612748331
285,Raudeberg,61.9875,5.1352,21.99,58,0,7.05,NO,1612748333
286,Tezu,27.9167,96.1667,67.35,26,0,0.54,IN,1612748334
287,Volchikha,52.0333,80.3833,21.7,96,100,9.17,RU,1612748335
288,Shimoda,34.6667,138.95,53.6,50,20,14.97,JP,1612748336
289,Alofi,-19.0595,-169.9187,87.8,66,75,11.5,NU,1612748251
290,Zabaykal'sk,49.6333,117.3167,1.06,90,98,5.77,RU,1612748339
291,Takoradze,4.8845,-1.7554,79.95,87,21,9.44,GH,1612748205
292,Nouakchott,18.0858,-15.9785,62.6,29,0,8.05,MR,1612748225
293,Chipata,-13.6333,32.65,64.09,96,100,4.14,ZM,1612748342
294,Solenzo,12.1833,-4.0833,73.35,22,25,8.41,BF,1612748343
295,Luanda,-8.8368,13.2343,78.8,78,75,5.75,AO,1612747727
296,Gaziantep,37.0594,37.3825,41.0,93,23,4.61,TR,1612748070
297,Demba,-5.51,22.2667,68.97,91,100,0.72,CD,1612748347
298,Katghora,22.5,82.55,51.76,48,0,5.64,IN,1612748348
299,Fuyang,32.9,115.8167,43.43,61,100,12.84,CN,1612748349
300,Zhangye,38.9342,100.4517,34.07,63,40,4.5,CN,1612748350
301,Lata,40.1629,-8.3327,55.0,92,79,3.0,PT,1612748351
302,San Andrés,12.5847,-81.7006,80.6,74,20,9.22,CO,1612748308
303,Carauari,-4.8828,-66.8958,75.06,95,100,1.34,BR,1612748353
304,Vostok,46.4856,135.8833,-5.39,89,100,4.88,RU,1612748355
305,Dingle,10.9995,122.6711,75.83,92,100,11.34,PH,1612748356
306,May Pen,17.9645,-77.2451,78.8,69,20,14.97,JM,1612748357
307,Krasnosel'kup,65.7,82.4667,18.75,97,100,20.13,RU,1612748358
308,Katsuura,35.1333,140.3,46.99,36,3,7.0,JP,1612748359
309,Nelson Bay,-32.7167,152.15,77.0,73,75,16.11,AU,1612748360
310,Dengzhou,37.8086,120.7508,33.37,82,0,12.44,CN,1612748361
311,Belomorsk,64.5232,34.7668,6.24,94,99,7.11,RU,1612748362
312,Olafsvik,64.8945,-23.7142,35.22,80,72,15.46,IS,1612748291
313,Petropavlovsk-Kamchatskiy,53.0452,158.6483,24.8,80,90,11.18,RU,1612748365
314,Fethiye,36.6217,29.1164,59.0,82,75,3.44,TR,1612748366
315,Conceição da Barra,-18.5933,-39.7322,74.64,93,100,2.66,BR,1612748367
316,Bongandanga,1.5,21.05,68.56,60,100,1.86,CD,1612748368
317,Cabo San Lucas,22.8909,-109.9124,68.0,60,20,4.61,MX,1612748165
318,Vitim,59.4511,112.5578,17.4,95,100,10.42,RU,1612748371
319,Karratha,-20.7377,116.8463,83.55,58,1,10.71,AU,1612748372
320,Turukhansk,65.8167,87.9833,16.83,97,100,20.02,RU,1612748373
321,Los Llanos de Aridane,28.6585,-17.9182,60.8,77,40,5.75,ES,1612748374
322,Baghmara,23.795,86.2085,59.99,51,0,6.15,IN,1612748375
323,Mpika,-11.8343,31.4529,63.36,96,100,8.81,ZM,1612748376
324,Aklavik,68.2191,-135.0107,-23.8,76,100,10.36,CA,1612748377
325,Nanma,36.1817,118.1583,36.0,50,0,1.01,CN,1612748379
326,Ceres,37.5949,-120.9577,60.8,55,1,5.75,US,1612748380
327,Paamiut,61.994,-49.6678,27.18,84,74,10.22,GL,1612748381
328,Grand Falls,47.0461,-67.7418,21.2,63,90,3.44,CA,1612748382
329,Lengshuitan,26.4111,111.5956,52.14,82,100,8.59,CN,1612748346
330,Coquimbo,-29.9533,-71.3436,60.8,77,0,6.91,CL,1612748384
331,Flinders,-34.5833,150.8552,73.0,69,54,4.0,AU,1612748385
332,Baykit,61.67,96.37,19.18,92,31,8.99,RU,1612748386
333,Sarkand,45.41,79.9186,38.98,67,100,6.42,KZ,1612748388
334,Nome,64.5011,-165.4064,3.0,77,1,5.06,US,1612748389
335,Hambantota,6.1241,81.1185,73.4,100,20,4.61,LK,1612748390
336,Necochea,-38.5473,-58.7368,59.0,74,42,12.08,AR,1612748391
337,Yamada,39.4667,141.95,30.31,82,4,20.8,JP,1612748315
338,Gizo Government Station,-8.103,156.8419,85.19,73,100,10.56,SB,1612748393
339,San Vicente,-26.6167,-54.1333,62.38,84,0,2.35,AR,1612748394
340,Ruangwa,-10.0667,38.9333,72.05,97,100,1.74,TZ,1612748396
341,Keti Bandar,24.1447,67.4497,64.45,45,0,6.31,PK,1612748397
342,Aitape,-3.1374,142.3475,85.55,64,93,4.09,PG,1612748398
343,San Juan de los Morros,9.9115,-67.3538,73.54,73,57,4.32,VE,1612748399
344,Beloha,-25.1667,45.05,74.3,97,23,3.2,MG,1612748261
345,Erzin,36.9559,36.2,53.6,87,40,10.36,TR,1612748403
346,Paita,-5.0892,-81.1144,75.79,75,73,14.0,PE,1612748405
347,Bogale,16.2833,95.4,78.93,42,42,14.52,MM,1612748406
348,Warri,5.5167,5.75,79.93,87,99,2.71,NG,1612748407
349,Avilés,43.5547,-5.9248,52.0,93,75,5.75,ES,1612748215
350,Sainte-Maxime,43.3,6.6333,46.4,61,0,16.11,FR,1612748409
351,Eyrarbakki,63.863,-21.1481,35.6,55,0,16.11,IS,1612748410
352,Touros,-5.1989,-35.4608,80.6,78,20,12.66,BR,1612748115
353,Sharan,54.8167,54.0,-6.27,90,100,16.71,RU,1612748413
354,Marabu,4.4148,114.0089,82.4,89,40,5.75,MY,1612748414
355,Ariquemes,-9.9133,-63.0408,74.89,97,100,2.8,BR,1612748415
356,Izumo,35.3667,132.7667,41.0,81,75,6.91,JP,1612748416
357,Worland,44.0169,-107.9554,1.99,78,90,2.8,US,1612748417
358,Rawson,-43.3002,-65.1023,57.97,64,0,15.59,AR,1612748310
359,Mabaruma,8.2,-59.7833,72.97,97,100,3.56,GY,1612748420
360,Fort Nelson,58.8053,-122.7002,-16.6,69,90,10.36,CA,1612748421
361,Massakory,12.996,15.7293,65.17,24,60,10.31,TD,1612748422
362,Malbork,54.0359,19.0266,7.0,100,10,13.38,PL,1612748423
363,Balyqshy,47.0667,51.8667,6.8,78,0,11.18,KZ,1612748424
364,Maceió,-9.6658,-35.7353,75.2,94,40,5.75,BR,1612748359
365,Kudahuvadhoo,2.6708,72.8944,81.18,74,6,16.06,MV,1612748303
366,Khani,41.9563,42.9566,46.4,87,75,8.05,GE,1612748428
367,Lamar,33.6668,-95.5836,39.99,87,1,11.5,US,1612748429
368,Banff,51.1762,-115.5698,-2.2,78,100,3.44,CA,1612748430
369,Tiptūr,13.2586,76.4783,59.79,64,93,6.26,IN,1612748431
370,Clyde River,70.4692,-68.5914,-5.8,84,20,14.97,CA,1612748432
371,Uglovskoye,51.3557,80.1942,28.22,95,100,14.12,RU,1612748433
372,Mincivan,39.0294,46.7185,49.78,47,100,3.98,AZ,1612748435
373,Yangi Marg`ilon,40.4272,71.7189,39.2,81,58,2.3,UZ,1612748223
374,Zelenoborskiy,66.845,32.3622,12.99,93,0,8.14,RU,1612748437
375,Río Gallegos,-51.6226,-69.2181,62.6,48,0,17.27,AR,1612748438
376,Saint-Philippe,-21.3585,55.7679,80.6,61,90,8.05,RE,1612748439
377,Chokurdakh,70.6333,147.9167,-14.03,89,100,7.09,RU,1612748440
378,Mweka,-4.85,21.5667,67.91,96,100,0.6,CD,1612748441
379,Waldoboro,44.0954,-69.3756,28.4,93,90,11.5,US,1612748442
380,Moerai,-22.4333,-151.3333,82.18,68,16,8.28,PF,1612748444
381,Bambous Virieux,-20.3428,57.7575,79.0,83,40,5.75,MU,1612748445
382,Coahuayana Viejo,18.7333,-103.6833,69.8,83,1,1.59,MX,1612748446
383,Edd,13.9297,41.6925,71.92,80,68,2.51,ER,1612748447
384,Moranbah,-22.0016,148.0466,94.69,40,27,4.32,AU,1612748448
385,Ostrovnoy,68.0531,39.5131,17.13,94,100,11.61,RU,1612748449
386,Morant Bay,17.8815,-76.4093,78.8,69,20,14.97,JM,1612748451
387,Cockburn Town,21.4612,-71.1419,77.0,83,20,11.5,TC,1612748449
388,Leningradskiy,69.3833,178.4167,-15.84,86,4,8.37,RU,1612748202
389,San Martín,-33.081,-68.4681,73.4,68,75,10.36,AR,1612748454
390,Nizhnevartovsk,60.9344,76.5531,10.4,85,75,11.18,RU,1612748455
391,Susanville,40.4163,-120.653,48.2,46,1,4.61,US,1612748236
392,Kavieng,-2.5744,150.7967,85.01,70,26,7.87,PG,1612748457
393,Owando,-0.4819,15.8999,73.62,84,99,2.62,CG,1612748458
394,Bodden Town,19.2833,-81.25,80.01,69,0,6.91,KY,1612748460
395,Lokosovo,61.1333,74.8167,4.19,92,100,12.06,RU,1612748461
396,Joshīmath,30.5667,79.5667,49.06,27,0,8.37,IN,1612748462
397,Banjarmasin,-3.3244,114.591,82.4,83,40,4.36,ID,1612748464
398,Kimbe,-5.5502,150.1429,84.04,76,39,7.0,PG,1612748465
399,Airai,-8.9266,125.4092,71.28,85,100,3.96,TL,1612748466
400,Anshun,26.25,105.9333,45.01,79,100,13.2,CN,1612748467
401,Kuching,1.55,110.3333,78.8,89,40,2.3,MY,1612748468
402,Onega,63.9061,38.1404,-5.35,92,81,5.75,RU,1612748469
403,Bougouni,11.417,-7.479,73.11,21,20,8.3,ML,1612748471
404,Minot,48.2325,-101.2963,-14.01,63,1,9.22,US,1612748199
405,Ambon City,-3.6954,128.1814,89.6,66,40,5.75,ID,1612748473
406,Lucapa,-8.4192,20.7447,65.62,90,100,3.0,AO,1612748266
407,Mahibadhoo,3.7833,72.9667,81.05,74,30,14.12,MV,1612748475
408,Laguna,38.421,-121.4238,62.6,39,1,3.44,US,1612748476
409,Mercedes,-34.6515,-59.4307,73.0,80,0,12.82,AR,1612748200
410,Kahului,20.8947,-156.47,77.0,53,20,13.8,US,1612748305
411,Balabac,7.9868,117.0645,82.17,75,100,5.59,PH,1612748480
412,Piteå,65.3172,21.4794,17.6,86,90,11.5,SE,1612748481
413,Kasongo,-4.45,26.6667,69.64,97,100,1.52,CD,1612748482
414,Broome,42.2506,-75.833,15.8,57,1,16.11,US,1612748303
415,Chui,-33.6971,-53.4616,64.87,82,16,6.15,UY,1612748484
416,Lavrentiya,65.5833,-171.0,-8.91,85,5,9.15,RU,1612748486
417,Kununurra,-15.7667,128.7333,87.8,79,40,8.05,AU,1612748487
418,Samarai,-10.6167,150.6667,85.59,69,80,1.03,PG,1612748488
419,Quatre Cocos,-20.2078,57.7625,79.0,83,40,5.75,MU,1612748489
420,Maniitsoq,65.4167,-52.9,25.09,79,0,16.84,GL,1612748490
421,Semey,50.4111,80.2275,28.4,86,40,11.18,KZ,1612748491
422,Taitung City,22.7583,121.1444,75.2,57,20,4.61,TW,1612748492
423,Tres Arroyos,-38.3739,-60.2798,55.02,81,74,10.98,AR,1612748493
424,Kaeo,-35.1,173.7833,73.99,66,89,10.0,NZ,1612748495
425,Mlonggo,-6.5333,110.7,80.6,83,20,4.61,ID,1612748496
426,Tuatapere,-46.1333,167.6833,68.67,58,100,4.25,NZ,1612748497
427,Uusikaupunki,60.8004,21.4084,19.4,86,90,4.61,FI,1612748498
428,Esim,4.8699,-2.2405,79.86,88,7,9.8,GH,1612748321
429,Lagoa,39.05,-27.9833,57.9,81,15,21.5,PT,1612748500
430,Priekule,56.4468,21.5897,3.2,92,0,5.75,LV,1612748501
431,Lakes Entrance,-37.8811,147.981,70.0,52,96,1.99,AU,1612748503
432,Nicolet,46.2168,-72.6158,24.8,80,100,5.75,CA,1612748504
433,Biak,-0.9131,122.8766,83.84,66,100,0.78,ID,1612748505
434,Waingapu,-9.6567,120.2641,84.52,71,100,8.97,ID,1612748470
435,Pangkalanbuun,-2.6833,111.6167,84.58,72,100,3.09,ID,1612748507
436,Nouadhibou,20.931,-17.0347,62.6,77,0,19.57,MR,1612748208
437,Leh,34.1667,77.5833,11.73,59,62,1.74,IN,1612748509
438,Meulaboh,4.1363,96.1285,80.8,75,100,3.49,ID,1612748510
439,Alexandria,31.2156,29.9553,55.4,94,74,3.44,EG,1612748512
440,Vlădeni,47.7167,26.5167,25.0,100,90,11.5,RO,1612748513
441,Lábrea,-7.2586,-64.7981,76.6,93,100,1.57,BR,1612748514
442,Vila Velha,-20.3297,-40.2925,69.8,94,90,5.75,BR,1612748364
443,Highland,34.1283,-117.2086,69.8,23,20,9.22,US,1612748337
444,Molodizhne,48.1773,32.6601,14.0,79,90,11.18,UA,1612748517
445,Beira,-19.8436,34.8389,76.6,87,16,4.25,MZ,1612748519
446,Caconda,-13.7333,15.0667,59.2,65,99,3.2,AO,1612748520
447,Annau,37.8876,58.516,51.8,87,75,2.3,TM,1612748521
448,Tulagi,-9.0996,160.1476,84.49,74,0,13.8,SB,1612748522
449,Sisimiut,66.9395,-53.6735,24.3,79,1,16.35,GL,1612748523
450,Maués,-3.3836,-57.7186,75.72,94,100,1.36,BR,1612748524
451,Luba,3.4568,8.5547,77.0,83,20,2.3,GQ,1612748525
452,Vestmannaeyjar,63.4427,-20.2734,39.36,73,100,24.49,IS,1612748227
453,Zheleznodorozhnyy,55.7503,38.0042,1.4,78,40,6.71,RU,1612748528
454,Vredendal,-31.6683,18.5012,56.17,85,0,2.73,ZA,1612748529
455,Carbonia,39.1672,8.5222,51.8,87,20,9.22,IT,1612748530
456,Port Lincoln,-34.7333,135.8667,65.46,69,52,15.64,AU,1612748531
457,Dongzhen,22.3797,110.9389,77.0,66,80,2.42,CN,1612748532
458,Yining,29.0361,114.5636,50.59,86,100,5.28,CN,1612748533
459,Ruteng,-8.6136,120.4721,73.47,81,98,3.29,ID,1612748534
460,Jumla,29.2747,82.1838,37.9,52,0,5.66,NP,1612748389
461,Pisco,-13.7,-76.2167,71.6,83,75,8.05,PE,1612748315
462,Oulu,65.0124,25.4682,-2.2,84,0,3.44,FI,1612748538
463,Ust-Tsilma,65.441,52.1498,-16.89,86,100,11.03,RU,1612748539
464,San Quintín,30.4833,-115.95,59.68,74,0,7.25,MX,1612748437
465,Kuytun,54.3419,101.5036,16.52,93,99,2.15,RU,1612748542
466,Batemans Bay,-35.7167,150.1833,69.01,67,41,3.0,AU,1612748449
467,Walvis Bay,-22.9575,14.5053,64.0,88,97,12.66,NA,1612748544
468,Juàzeirinho,-6.8167,-38.05,79.07,69,66,8.52,BR,1612748545
469,Oistins,13.0667,-59.5333,77.0,69,20,17.27,BB,1612748546
470,Pilar,-9.5972,-35.9567,75.2,94,40,5.75,BR,1612748547
471,Saint-Augustin,51.226,-58.6502,16.59,92,2,10.2,CA,1612748548
472,Okha,53.5739,142.9478,19.24,97,100,21.45,RU,1612748550
473,Talnakh,69.4865,88.3972,-16.91,77,55,3.44,RU,1612748551
474,Vao,-22.6667,167.4833,78.17,76,46,3.11,NC,1612748552
475,Alta Floresta,-9.8756,-56.0861,69.46,98,100,0.72,BR,1612748553
476,Saint-Leu,-21.15,55.2833,80.6,61,90,8.05,RE,1612748554
477,Guerrero Negro,27.9769,-114.0611,62.22,66,0,11.41,MX,1612748556
478,Beringovskiy,63.05,179.3167,5.94,94,100,16.44,RU,1612748551
479,Sangar,63.9242,127.4739,-26.36,81,0,0.63,RU,1612748558
480,Kushmurun,52.4503,64.6311,0.01,91,81,9.73,KZ,1612748559
481,Niamey,13.5137,2.1098,75.2,16,2,6.91,NE,1612748560
482,Matara,5.9485,80.5353,75.99,88,22,4.12,LK,1612748489
483,Umm Hājar,13.2954,19.6966,63.57,25,85,10.11,TD,1612748562
484,Cayenne,4.9333,-52.3333,78.8,83,90,4.61,GF,1612748564
485,Poltavka,54.3663,71.7632,3.16,93,8,9.95,RU,1612748565
486,Horasan,40.0458,42.1728,16.97,88,49,0.51,TR,1612748566
487,Saldanha,-33.0117,17.9442,62.6,72,0,9.22,ZA,1612748567
488,Salinópolis,-0.6136,-47.3561,78.55,88,12,9.62,BR,1612748568
489,Prestea,5.4327,-2.1428,75.97,94,83,4.27,GH,1612748570
490,Khorixas,-20.3667,14.9667,68.36,44,100,2.35,NA,1612748571
491,Grand Forks,47.9417,-97.4337,-11.2,70,1,6.91,US,1612748572
492,Sistranda,63.7256,8.834,23.0,93,75,8.05,NO,1612748574
493,Haysville,37.5645,-97.3523,19.99,93,90,8.05,US,1612748575
494,Talcahuano,-36.7167,-73.1167,59.0,88,20,4.61,CL,1612748576
495,Beyneu,45.3167,55.2,22.14,86,90,13.96,KZ,1612748577
496,Nuuk,64.1835,-51.7216,30.2,40,20,4.61,GL,1612748430
497,Zheshart,62.0731,49.5733,-20.49,85,100,9.57,RU,1612748579
498,Sovetskiy,61.3614,63.5842,-14.55,89,100,6.17,RU,1612748581
499,Narsaq,60.9167,-46.05,37.4,30,91,43.73,GL,1612748582
500,Inhambane,-23.865,35.3833,77.85,87,96,7.99,MZ,1612748583
501,Richards Bay,-28.783,32.0377,74.46,92,100,6.15,ZA,1612748584
502,Misratah,32.3754,15.0925,66.6,54,100,16.26,LY,1612748585
503,Salalah,17.0151,54.0924,69.8,73,20,5.75,OM,1612748586
504,Svetlaya,46.5389,138.3297,10.62,82,66,14.2,RU,1612748587
505,Rivadavia,-33.1905,-68.4608,73.4,68,75,10.36,AR,1612748589
506,Tofield,53.3668,-112.6686,-23.8,91,100,2.3,CA,1612748590
507,Isla Mujeres,21.2311,-86.731,79.0,83,40,6.91,MX,1612748591
508,Coyhaique,-45.5752,-72.0662,66.2,48,0,8.05,CL,1612748572
509,Vadsø,70.0744,29.7487,21.2,86,90,19.57,NO,1612748593
510,Moroto,2.5345,34.6666,67.98,61,89,3.27,UG,1612748594
511,Bonthe,7.5264,-12.505,78.58,83,67,3.76,SL,1612748595
512,Zhezkazgan,47.8043,67.7144,31.82,99,100,25.7,KZ,1612748596
513,Evensk,61.95,159.2333,12.38,92,100,46.64,RU,1612748598
514,Haines Junction,60.7522,-137.5108,-16.6,69,0,1.14,CA,1612748599
515,Jiuquan,39.7432,98.5174,30.31,73,100,4.0,CN,1612748600
516,Malartic,48.1335,-78.1328,3.2,78,1,3.44,CA,1612748601
517,Atar,20.5169,-13.0499,57.07,39,0,8.55,MR,1612748602
518,Khasan,42.4308,130.6434,11.57,86,0,23.49,RU,1612748603
519,Sampit,-2.5333,112.95,84.43,76,100,1.5,ID,1612748581
520,Severo-Kuril'sk,50.6789,156.125,25.81,92,79,20.47,RU,1612748605
521,Slonim,53.0867,25.3219,3.31,89,82,13.82,BY,1612748607
522,Muscat,23.6139,58.5922,66.2,72,0,3.44,OM,1612748403
523,Constitución,-35.3333,-72.4167,57.49,91,2,7.11,CL,1612748609
524,Tarakan,3.3,117.6333,84.2,79,40,5.75,ID,1612748610
525,Manggar,-2.8833,108.2667,82.53,75,100,12.41,ID,1612748587
526,Solnechnyy,50.7214,136.6319,4.66,88,100,1.12,RU,1612748588
527,Östersund,63.1792,14.6357,15.8,86,90,4.61,SE,1612748613
528,Eyl,7.9803,49.8164,72.91,84,2,14.52,SO,1612748615
529,Noumea,-22.2763,166.4572,86.0,66,40,11.5,NC,1612748616
530,Markova,48.6758,24.4138,26.15,97,100,4.88,UA,1612748617
531,Abirāmam,9.4667,78.45,71.6,78,20,8.05,IN,1612748618
532,Tigil',57.8,158.6667,26.98,91,0,21.56,RU,1612748619
533,Sakaiminato,35.55,133.2333,41.0,87,75,10.36,JP,1612748620
534,Fairbanks,64.8378,-147.7164,-11.99,76,1,3.56,US,1612748622
535,Assiut,27.181,31.1837,51.8,82,0,4.61,EG,1612748610
536,Sarankhola,22.3082,89.7897,63.66,49,0,6.8,BD,1612748624
537,Alice Springs,-23.7,133.8833,87.8,22,0,13.8,AU,1612748534
538,Neryungri,56.6709,124.6491,-16.02,84,18,0.87,RU,1612748626
539,Port Blair,11.6667,92.75,79.43,74,2,12.93,IN,1612748576
540,Pagudpud,18.5616,120.7868,82.4,74,75,3.44,PH,1612748628
541,Ribe,55.3305,8.7697,27.0,80,75,19.57,DK,1612748629
542,Iqaluit,63.7506,-68.5145,30.2,74,90,14.97,CA,1612748403
543,Broken Hill,-31.95,141.4333,75.2,33,0,12.66,AU,1612748632
544,Le Port,-20.9373,55.2919,75.2,83,75,8.05,RE,1612748633
545,Emerald,-23.5333,148.1667,91.99,62,0,4.61,AU,1612748634
546,Tura,25.5198,90.2201,63.45,40,0,2.53,IN,1612748635
547,Buraidah,26.326,43.975,51.8,100,40,5.75,SA,1612748636
548,Zhigansk,66.7697,123.3711,-28.52,79,0,5.55,RU,1612748638
549,Puerto Carreño,6.189,-67.4859,84.04,56,100,9.35,CO,1612748600
550,Ilo,-17.6394,-71.3375,71.4,82,99,4.99,PE,1612748640
551,Kupang,-10.1667,123.5833,82.4,89,40,8.05,ID,1612748641
552,Panguna,-6.3164,155.4848,80.94,80,46,2.73,PG,1612748642
553,Parfen'yevo,58.484,43.4088,-21.21,85,0,8.12,RU,1612748644
554,Rūdbār,30.15,62.6,56.21,33,16,6.91,AF,1612748645
555,Sinnamary,5.3833,-52.95,77.95,83,100,13.56,GF,1612748637
556,Linköping,58.4109,15.6216,3.2,85,75,1.14,SE,1612748647
557,Madison,34.7334,-86.5667,35.01,86,90,4.61,US,1612748258
558,Bahir Dar,11.5936,37.3908,56.43,39,0,3.71,ET,1612748649
559,Zunyi,27.6867,106.9072,50.34,85,100,1.68,CN,1612748650
560,Lompoc,34.6391,-120.4579,60.01,77,1,5.75,US,1612748652
561,Lykhivka,48.6874,33.9228,17.96,85,100,10.54,UA,1612748653
562,Te Anau,-45.4167,167.7167,67.8,57,100,5.99,NZ,1612748654
563,Korla,41.7597,86.1469,31.64,77,92,4.05,CN,1612748655
564,Pata,17.7152,121.5018,78.85,80,48,3.24,PH,1612748656
565,Porto-Novo,6.4965,2.6036,84.2,84,40,12.66,BJ,1612748657
566,Kayerkan,69.3497,87.7602,-18.51,81,81,6.69,RU,1612748659
567,Riyadh,24.6877,46.7219,55.4,71,0,9.22,SA,1612748660
568,Mattru,7.6244,-11.8332,75.4,90,32,0.92,SL,1612748661
569,Kovdor,67.5662,30.4758,7.5,95,95,6.29,RU,1612748662
570,Kampong Chhnang,12.1667,104.55,81.81,67,42,5.55,KH,1612748663
571,Kilakarai,9.2333,78.7833,73.62,75,93,17.36,IN,1612748664
572,Shellbrook,53.2168,-106.4011,-25.6,62,1,6.91,CA,1612748665
573,Lālmohan,22.3384,90.7419,65.5,51,0,13.53,BD,1612748667
574,Esqueda,30.7167,-109.5833,56.7,36,0,8.39,MX,1612748668
575,Gawler,-34.6,138.7333,73.0,49,0,5.99,AU,1612748669
576,Łazy Bledowskie,50.35,19.4167,19.0,91,100,11.01,PL,1612748670
577,Aksu,41.1231,80.2644,25.57,88,0,1.77,CN,1612748630
578,Kavaratti,10.5669,72.642,81.48,67,95,9.1,IN,1612748672
579,Yaring,6.8662,101.3689,77.0,83,40,6.91,TH,1612748673
580,Cham,47.1821,8.4636,37.0,93,90,2.42,CH,1612748674
581,Safi,32.2994,-9.2372,57.6,75,0,7.67,MA,1612748676
582,Burgersdorp,-30.9977,26.3286,64.67,79,0,5.79,ZA,1612748677
583,Takanabe,32.1333,131.5,55.4,41,40,17.27,JP,1612748678
